{"cameraMode":{"drawMode":0,"name":"Shaded","section":"Shading Mode"},"sceneLighting":true,"audioPlay":false,"sceneViewState":{"m_AlwaysRefresh":false,"showFog":true,"showSkybox":true,"showFlares":true,"showImageEffects":true,"showParticleSystems":true,"showVisualEffectGraphs":true,"m_FxEnabled":true},"in2DMode":false,"pivot":{"x":44.93036651611328,"y":2.8305203914642336,"z":16.923341751098634},"rotation":{"x":0.18840068578720094,"y":-0.7962953448295593,"z":0.30986058712005618,"w":0.48416614532470705},"size":5.817087650299072,"orthographic":true}