{"cameraMode":{"drawMode":0,"name":"Shaded","section":"Shading Mode"},"sceneLighting":true,"audioPlay":false,"sceneViewState":{"m_AlwaysRefresh":false,"showFog":true,"showSkybox":true,"showFlares":true,"showImageEffects":true,"showParticleSystems":true,"showVisualEffectGraphs":true,"m_FxEnabled":true},"in2DMode":false,"pivot":{"x":29.829998016357423,"y":0.8373366594314575,"z":20.155752182006837},"rotation":{"x":-0.010012544691562653,"y":0.9577592611312866,"z":-0.285592257976532,"w":-0.03331649303436279},"size":8.302752494812012,"orthographic":true}