{"cameraMode":{"drawMode":0,"name":"Shaded","section":"Shading Mode"},"sceneLighting":true,"audioPlay":false,"sceneViewState":{"m_AlwaysRefresh":false,"showFog":true,"showSkybox":true,"showFlares":true,"showImageEffects":true,"showParticleSystems":true,"showVisualEffectGraphs":true,"m_FxEnabled":true},"in2DMode":false,"pivot":{"x":43.567264556884769,"y":1.950934648513794,"z":18.601816177368165},"rotation":{"x":0.23451393842697144,"y":-0.6288347244262695,"z":0.20727968215942384,"w":0.7119187116622925},"size":5.559037208557129,"orthographic":true}