{"cameraMode":{"drawMode":0,"name":"Shaded","section":"Shading Mode"},"sceneLighting":true,"audioPlay":false,"sceneViewState":{"m_AlwaysRefresh":false,"showFog":true,"showSkybox":true,"showFlares":true,"showImageEffects":true,"showParticleSystems":true,"showVisualEffectGraphs":true,"m_FxEnabled":true},"in2DMode":false,"pivot":{"x":26.287046432495118,"y":3.4990968704223635,"z":42.54305648803711},"rotation":{"x":0.16358375549316407,"y":0.6810591220855713,"z":-0.16018405556678773,"w":0.6955139636993408},"size":3.088465929031372,"orthographic":true}