{"cameraMode":{"drawMode":0,"name":"Shaded","section":"Shading Mode"},"sceneLighting":true,"audioPlay":false,"sceneViewState":{"m_AlwaysRefresh":false,"showFog":true,"showSkybox":true,"showFlares":true,"showImageEffects":true,"showParticleSystems":true,"showVisualEffectGraphs":true,"m_FxEnabled":true},"in2DMode":false,"pivot":{"x":13.564207077026368,"y":-36.22944641113281,"z":5.125346660614014},"rotation":{"x":0.44410237669944765,"y":0.5499966144561768,"z":-0.44294413924217226,"w":0.5514329075813294},"size":30.551057815551759,"orthographic":false}