{"cameraMode":{"drawMode":0,"name":"Shaded","section":"Shading Mode"},"sceneLighting":true,"audioPlay":false,"sceneViewState":{"m_AlwaysRefresh":false,"showFog":true,"showSkybox":true,"showFlares":true,"showImageEffects":true,"showParticleSystems":true,"showVisualEffectGraphs":true,"m_FxEnabled":true},"in2DMode":false,"pivot":{"x":40.46909713745117,"y":-2.143289566040039,"z":45.197837829589847},"rotation":{"x":0.21280264854431153,"y":0.43279972672462466,"z":-0.10591336339712143,"w":0.8695869445800781},"size":17.703176498413087,"orthographic":false}