{"cameraMode":{"drawMode":0,"name":"Shaded","section":"Shading Mode"},"sceneLighting":true,"audioPlay":false,"sceneViewState":{"m_AlwaysRefresh":false,"showFog":true,"showSkybox":true,"showFlares":true,"showImageEffects":true,"showParticleSystems":true,"showVisualEffectGraphs":true,"m_FxEnabled":true},"in2DMode":false,"pivot":{"x":22.181148529052736,"y":-0.43665313720703127,"z":33.35186004638672},"rotation":{"x":0.5067297220230103,"y":0.4932309687137604,"z":-0.5043053030967712,"w":0.49560245871543887},"size":20.142126083374025,"orthographic":true}