{"cameraMode":{"drawMode":0,"name":"Shaded","section":"Shading Mode"},"sceneLighting":true,"audioPlay":false,"sceneViewState":{"m_AlwaysRefresh":false,"showFog":true,"showSkybox":true,"showFlares":true,"showImageEffects":true,"showParticleSystems":true,"showVisualEffectGraphs":true,"m_FxEnabled":true},"in2DMode":false,"pivot":{"x":20.25839614868164,"y":1.3734017610549927,"z":22.883817672729493},"rotation":{"x":0.3601168096065521,"y":-0.012050271965563298,"z":0.004652421455830336,"w":0.9329009652137756},"size":6.976634502410889,"orthographic":true}