{"cameraMode":{"drawMode":0,"name":"Shaded","section":"Shading Mode"},"sceneLighting":true,"audioPlay":false,"sceneViewState":{"m_AlwaysRefresh":false,"showFog":true,"showSkybox":true,"showFlares":true,"showImageEffects":true,"showParticleSystems":true,"showVisualEffectGraphs":true,"m_FxEnabled":true},"in2DMode":false,"pivot":{"x":0.1839805543422699,"y":-68.44244384765625,"z":23.619525909423829},"rotation":{"x":0.4234093129634857,"y":0.5624599456787109,"z":-0.41139867901802065,"w":0.5789017081260681},"size":144.43368530273438,"orthographic":true}