{"cameraMode":{"drawMode":0,"name":"Shaded","section":"Shading Mode"},"sceneLighting":true,"audioPlay":false,"sceneViewState":{"m_AlwaysRefresh":false,"showFog":true,"showSkybox":true,"showFlares":true,"showImageEffects":true,"showParticleSystems":true,"showVisualEffectGraphs":true,"m_FxEnabled":true},"in2DMode":false,"pivot":{"x":35.80841827392578,"y":0.0026869773864746095,"z":44.14255142211914},"rotation":{"x":0.19969409704208375,"y":-0.1475202590227127,"z":0.030425917357206346,"w":0.9682120084762573},"size":8.561763763427735,"orthographic":false}