{"cameraMode":{"drawMode":0,"name":"Shaded","section":"Shading Mode"},"sceneLighting":true,"audioPlay":false,"sceneViewState":{"m_AlwaysRefresh":false,"showFog":true,"showSkybox":true,"showFlares":true,"showImageEffects":true,"showParticleSystems":true,"showVisualEffectGraphs":true,"m_FxEnabled":true},"in2DMode":false,"pivot":{"x":27.954816818237306,"y":-14.613353729248047,"z":68.13186645507813},"rotation":{"x":-0.28110939264297488,"y":-0.017836829647421838,"z":0.005230502225458622,"w":-0.9595049023628235},"size":21.856313705444337,"orthographic":false}