{"cameraMode":{"drawMode":0,"name":"Shaded","section":"Shading Mode"},"sceneLighting":true,"audioPlay":false,"sceneViewState":{"m_AlwaysRefresh":false,"showFog":true,"showSkybox":true,"showFlares":true,"showImageEffects":true,"showParticleSystems":true,"showVisualEffectGraphs":true,"m_FxEnabled":true},"in2DMode":false,"pivot":{"x":16.653575897216798,"y":7.346266746520996,"z":19.97585678100586},"rotation":{"x":0.15229767560958863,"y":0.2361983060836792,"z":-0.03751159459352493,"w":0.9589589834213257},"size":10.596478462219239,"orthographic":true}