{"cameraMode":{"drawMode":0,"name":"Shaded","section":"Shading Mode"},"sceneLighting":true,"audioPlay":false,"sceneViewState":{"m_AlwaysRefresh":false,"showFog":true,"showSkybox":true,"showFlares":true,"showImageEffects":true,"showParticleSystems":true,"showVisualEffectGraphs":true,"m_FxEnabled":true},"in2DMode":false,"pivot":{"x":23.508949279785158,"y":0.1314258575439453,"z":39.87550354003906},"rotation":{"x":-0.1139635443687439,"y":-0.8659682869911194,"z":0.22990202903747559,"w":-0.42926329374313357},"size":24.109657287597658,"orthographic":true}