{"cameraMode":{"drawMode":0,"name":"Shaded","section":"Shading Mode"},"sceneLighting":false,"audioPlay":false,"sceneViewState":{"m_AlwaysRefresh":false,"showFog":true,"showSkybox":false,"showFlares":true,"showImageEffects":true,"showParticleSystems":true,"showVisualEffectGraphs":true,"m_FxEnabled":true},"in2DMode":false,"pivot":{"x":2.119999885559082,"y":0.03999999910593033,"z":-0.03999999165534973},"rotation":{"x":0.5067297220230103,"y":0.4932309687137604,"z":-0.5043053030967712,"w":0.49560245871543887},"size":1.112237811088562,"orthographic":true}